record_type,timestamp_utc,sim_id,launch_date_utc,perigee_alt_km,apogee_alt_km,inclination_deg,latitude_deg,longitude_deg,altitude_km,speed_km_s,raan_deg,arg_perigee_deg,mean_anomaly_deg,orbital_phase_0_1,lat_sin,lat_cos,lon_sin,lon_cos,altitude_norm_0_1,position_seed_u64,position_entropy_feature_0_1,eci_x_km,eci_y_km,eci_z_km,ecef_x_km,ecef_y_km,ecef_z_km
CURRENT_SIM,2026-09-15T03:31:50Z,UNKNOWN-SIM-01 / SIM-94731,2024-11-17,688,706,97.4,6.511121488802,-136.823625851203,691.037975947732,7.512494720081,89.407728882102,127.270302778984,46.097829978398,0.128049527718,0.113396070486,0.993549863469,-0.684246458334,-0.72925083768,0.168776441541,3428327742048753599,0.185850019296,30.884541769085,-7023.782695269853,796.805838372459,-5122.148931411957,-4806.044894685013,796.805838372459
FORWARD_SIM,2026-09-15T03:32:50Z,UNKNOWN-SIM-01 / SIM-94731,2024-11-17,688,706,97.4,2.871288041102,-137.546921281078,691.243917953803,7.512042844111,89.408348795289,127.26809580664,49.742582858462,0.138173841274,0.050092457281,0.998744584828,-0.67498620199,-0.737830351181,0.1802176641,588133060864033479,0.031882757115,-27.193732449468,-7060.50704447343,351.986495796587,-5209.495031206338,-4765.780182087707,351.986495796587
FORWARD_SIM,2026-09-15T03:33:50Z,UNKNOWN-SIM-01 / SIM-94731,2024-11-17,688,706,97.4,-0.768565666803,-138.267184291281,691.643581943868,7.511566033282,89.408968708475,127.265888834296,53.387335738525,0.148298154829,-0.013413599131,0.999910033632,-0.66565787669,-0.746257054372,0.202421219104,6687255089967528282,0.362516824825,-85.161381229594,-7068.635396021838,-94.258524387037,-5275.401847207015,-4705.634300838788,-94.258524387037
FORWARD_SIM,2026-09-15T03:34:50Z,UNKNOWN-SIM-01 / SIM-94731,2024-11-17,688,706,97.4,-4.40781580174,-138.988179227199,692.235888795388,7.511066230107,89.409588621662,127.263681861952,57.032088618589,0.158422468385,-0.076855036848,0.997042277595,-0.656214720221,-0.754574211701,0.235327155299,16937266844258049709,0.918171075426,-142.784302460526,-7048.140275341435,-540.121864601556,-5319.436115953666,-4626.042380502687,-540.121864601556
FORWARD_SIM,2026-09-15T03:35:50Z,UNKNOWN-SIM-01 / SIM-94731,2024-11-17,688,706,97.4,-8.04584070226,-139.713693012772,693.016864155951,7.510545469583,89.410208534848,127.261474889608,60.676841498653,0.168546781941,-0.13996534128,0.990156403423,-0.646607492343,-0.762822883012,0.278714675331,17530740098836666600,0.950343325022,-199.829883810445,-6999.110366161471,-983.798421066144,-5341.257169174885,-4527.521369680165,-983.798421066144
FORWARD_SIM,2026-09-15T03:36:50Z,UNKNOWN-SIM-01 / SIM-94731,2024-11-17,688,706,97.4,-11.682019123769,-140.447656977983,693.979684546157,7.510005870742,89.410828448035,127.259267917264,64.321594378716,0.178671095496,-0.202479980295,0.979286402223,-0.636782878617,-0.77104316708,0.332204697009,11299108689166620214,0.612525909397,-256.067946710558,-6921.75005669112,-1423.492696006314,-5340.618941451126,-4410.667065518496,-1423.492696006314
FORWARD_SIM,2026-09-15T03:37:50Z,UNKNOWN-SIM-01 / SIM-94731,2024-11-17,688,706,97.4,-15.315727664954,-141.194278547148,695.114771003873,7.50944962788,89.411448361221,127.25706094492,67.96634725878,0.188795409052,-0.264137810586,0.964484949089,-0.626681631519,-0.779275389523,0.395265055771,17759870433563336362,0.962764505357,-311.271678827402,-6816.378511609762,-1857.426098514573,-5317.371563034062,-4276.150807936039,-1857.426098514573
FORWARD_SIM,2026-09-15T03:38:50Z,UNKNOWN-SIM-01 / SIM-94731,2024-11-17,688,706,97.4,-18.946336636178,-141.958192295249,696.409928455275,7.508879001494,89.412068274408,127.254853972576,71.611100138844,0.198919722608,-0.324682436834,0.945823088749,-0.616236308716,-0.787561306705,0.467218247515,16412976598030550256,0.889749244227,-365.218551187566,-6683.428275287928,-2283.844163824313,-5271.462529145305,-4124.715857470269,-2283.844163824313
FORWARD_SIM,2026-09-15T03:39:50Z,UNKNOWN-SIM-01 / SIM-94731,2024-11-17,688,706,97.4,-22.573203481603,-142.744642249407,697.850528128889,7.508296308971,89.412688187595,127.252647000232,75.255853018908,0.209044036164,-0.383863506792,0.923389846248,-0.605368419853,-0.795945397779,0.547251562716,3548200571183677013,0.192348338385,-417.691216209832,-6523.443413629317,-2701.023661306671,-5202.937439823786,-3957.173476131982,-2701.023661306671
FORWARD_SIM,2026-09-15T03:40:50Z,UNKNOWN-SIM-01 / SIM-94731,2024-11-17,688,706,97.4,-26.195662610632,-143.55971131777,699.419729535983,7.50770391507,89.413308100781,127.250440027888,78.900605898971,0.219168349719,-0.44143792752,0.897291789858,-0.593984717147,-0.80447632395,0.634429418666,14320661228155490721,0.77632460075,-468.478383006306,-6337.077203839057,-3107.279562174942,-5111.940306344246,-3774.398731868951,-3107.279562174942
FORWARD_SIM,2026-09-15T03:41:50Z,UNKNOWN-SIM-01 / SIM-94731,2024-11-17,688,706,97.4,-29.813010075862,-144.41062017029,701.098737842792,7.507104222229,89.413928013968,127.248233055544,82.545358779035,0.229292663275,-0.497170990552,0.867652583788,-0.58197224629,-0.81320864761,0.727707657933,359357690928435004,0.01948081946,-517.375666435692,-6125.089383270694,-3500.971838677438,-4998.713421581182,-3577.326049185244,-3500.971838677438
FORWARD_SIM,2026-09-15T03:42:50Z,UNKNOWN-SIM-01 / SIM-94731,2024-11-17,688,706,97.4,-33.424480858712,-145.306128200312,702.867091873088,7.506499660753,89.414547927154,127.2460260832,86.190111659099,0.239416976831,-0.550837396598,0.834612582285,-0.56919158589,-0.822204924913,0.825949548505,11358253669174524526,0.615732165188,-564.186406527247,-5888.342970277521,-3880.512067470243,-4863.596794832129,-3366.944527940053,-3880.512067470243
FORWARD_SIM,2026-09-15T03:43:50Z,UNKNOWN-SIM-01 / SIM-94731,2024-11-17,688,706,97.4,-37.02921542335,-146.257085888439,704.702977513098,7.505892678914,89.415167840341,127.243819110856,89.834864539162,0.249541290387,-0.602222173401,0.798328537549,-0.555467399192,-0.831538314472,0.927943195172,5161360907292215009,0.279797935433,-608.722455042343,-5627.800671684766,-4244.369810879331,-4707.02716166115,-3144.293040871422,-4244.369810879331
FORWARD_SIM,2026-09-15T03:44:50Z,UNKNOWN-SIM-01 / SIM-94731,2024-11-17,688,706,97.4,-40.626210377867,-147.277213788771,706.583560950784,7.505285733001,89.415787753527,127.241612138512,93.479617419226,0.259665603942,-0.651121483433,0.758973526424,-0.54057494188,-0.841295864848,1,14278767030247201422,0.77405351173,-650.804926100673,-5344.520893102946,-4591.07875087823,-4529.536516684386,-2910.455217431371,-4591.07875087823
FORWARD_SIM,2026-09-15T03:45:50Z,UNKNOWN-SIM-01 / SIM-94731,2024-11-17,688,706,97.4,-44.214244994984,-148.384232229274,708.485335968124,7.504681277376,89.416407666714,127.239405166168,97.12437029929,0.269789917498,-0.697343321101,0.716737254868,-0.524220280964,-0.851582701225,1,16111706601857930151,0.873417365009,-690.264907969091,-5039.653369813182,-4919.242551815716,-4331.75031688706,-2666.55412905716,-4919.242551815716
FORWARD_SIM,2026-09-15T03:46:50Z,UNKNOWN-SIM-01 / SIM-94731,2024-11-17,688,706,97.4,-47.791769964245,-149.601538030096,710.384479414791,7.504081754555,89.4170275799,127.237198193824,100.769123179353,0.279914231054,-0.740708101879,0.67182699247,-0.50601061089,-0.86252725271,1,14481039329117735081,0.785018715024,-726.944133291596,-4714.434437368458,-5227.54042921914,-4114.385171436626,-2413.746983060801,-5227.54042921914
FORWARD_SIM,2026-09-15T03:47:50Z,UNKNOWN-SIM-01 / SIM-94731,2024-11-17,688,706,97.4,-51.356735051285,-150.960769331845,712.257209017009,7.503489585377,89.417647493087,127.23499122148,104.413876059417,0.290038544609,-0.781049148308,0.624469557247,-0.485408362453,-0.874287550901,1,8377559540110520576,0.454148412676,-760.695605228073,-4370.181962366825,-5514.732403364807,-3878.246172933408,-2153.219638155159,-5514.732403364807
FORWARD_SIM,2026-09-15T03:48:50Z,UNKNOWN-SIM-01 / SIM-94731,2024-11-17,688,706,97.4,-54.90631418159,-152.505851998003,714.080137805805,7.502907159281,89.418267406274,127.232784249136,108.058628939481,0.300162858165,-0.818213079909,0.574915085787,-0.461658014527,-0.88705799,1,2003819924180543137,0.108627295753,-791.384177165864,-4008.289955060861,-5779.664217738913,-3624.223822233257,-1886.18105336345,-5779.664217738913
FORWARD_SIM,2026-09-15T03:49:50Z,UNKNOWN-SIM-01 / SIM-94731,2024-11-17,688,706,97.4,-58.436450936208,-154.299612726027,715.83061967211,7.502336824739,89.41888731946,127.230577276793,111.703381819544,0.310287171721,-0.85206011575,0.523443940788,-0.433665175143,-0.90107409011,1,9541853515453327573,0.51726491555,-818.887083871182,-3630.222886569582,-6021.271904002897,-3353.290569735903,-1613.857681837187,-6021.271904002897
FORWARD_SIM,2026-09-15T03:50:50Z,UNKNOWN-SIM-01 / SIM-94731,2024-11-17,688,706,97.4,-61.941074363451,-156.435024961498,717.487080858124,7.501780879878,89.419507232647,127.228370304449,115.348134699608,0.320411485277,-0.882464299671,0.470379378594,-0.399788784429,-0.916607292053,1,1456999320412652233,0.078984091425,-843.094422155467,-3237.509734453675,-6238.585976617172,-3066.496987608294,-1337.487835586262,-6238.585976617172
FORWARD_SIM,2026-09-15T03:51:50Z,UNKNOWN-SIM-01 / SIM-94731,2024-11-17,688,706,97.4,-65.410675935416,-159.055206289633,719.029332561386,7.501241563334,89.420127145833,127.226163332105,118.992887579672,0.330535798832,-0.909313658956,0.416111366867,-0.357468249162,-0.933925291895,1,13378600578659675308,0.72525539061,-863.909579344256,-2831.737781301193,-6430.735241859635,-2764.967588993358,-1058.316046910199,-6430.735241859635
FORWARD_SIM,2026-09-15T03:52:50Z,UNKNOWN-SIM-01 / SIM-94731,2024-11-17,688,706,97.4,-68.829569733662,-162.390766502617,720.438860245849,7.500721045355,89.42074705902,127.223956359761,122.637640459735,0.340660112388,-0.932510307585,0.361143359689,-0.302523498199,-0.953141927017,1,17602141932257849948,0.954214026168,-881.249608051866,-2414.546191748657,-6596.950207592015,-2449.896311729791,-777.587452028564,-6596.950207592015
FORWARD_SIM,2026-09-15T03:53:50Z,UNKNOWN-SIM-01 / SIM-94731,2024-11-17,688,706,97.4,-72.170244114105,-166.833149997648,721.699085710765,7.500221419218,89.421366972206,127.221749387417,126.282393339799,0.350784425944,-0.951970505105,0.306189740863,-0.227787541944,-0.973710858384,1,12604225505464261951,0.683276433776,-895.045545983231,-1987.619394032455,-6736.566081771018,-2122.541685499356,-496.542222007267,-6736.566081771018
FORWARD_SIM,2026-09-15T03:54:50Z,UNKNOWN-SIM-01 / SIM-94731,2024-11-17,688,706,97.4,-75.380807896178,-173.084318126271,722.795598451307,7.499744692949,89.421986885393,127.219542415073,129.927146219863,0.3609087395,-0.96762468168,0.252393493187,-0.120408552343,-0.992724423253,1,8558108865528207553,0.463936011219,-905.242679703789,-1552.680292728152,-6849.025349365029,-1784.221703254027,-216.410060350651,-6849.025349365029
FORWARD_SIM,2026-09-15T03:55:50Z,UNKNOWN-SIM-01 / SIM-94731,2024-11-17,688,706,97.4,-78.355118592405,177.54441138732,723.716353345796,7.499292781421,89.42260679858,127.217335442729,133.571899099926,0.371033053055,-0.979417439047,0.201845188426,0.042844987152,-0.99908173193,1,1184619810013024297,0.064218368579,-911.800751538467,-1111.483339792199,-6933.879919014576,-1436.308413741235,61.595176417248,-6933.879919014576
FORWARD_SIM,2026-09-15T03:56:50Z,UNKNOWN-SIM-01 / SIM-94731,2024-11-17,688,706,97.4,-80.861581791469,162.708267090314,724.451832214649,7.49886749882,89.423226711766,127.215128470385,137.21665197999,0.381157366611,-0.98730753597,0.158820116535,0.297237110508,-0.954803697174,1,9392482628268807392,0.50916750353,-914.694108980809,-665.807491373558,-6990.792832459159,-1080.222271250311,336.280795271103,-6990.792832459159
FORWARD_SIM,2026-09-15T03:57:50Z,UNKNOWN-SIM-01 / SIM-94731,2024-11-17,688,706,97.4,-82.422701877913,139.790301153971,724.99516731062,7.498470551534,89.423846624953,127.212921498041,140.861404860054,0.391281680167,-0.991267865403,0.131863637971,0.645586971421,-0.763686756682,1,11131958845326536708,0.603464698206,-913.911796212387,-217.44907811359,-7019.539531438879,-717.426245317882,606.48038332471,-7019.539531438879
FORWARD_SIM,2026-09-15T03:58:50Z,UNKNOWN-SIM-01 / SIM-94731,2024-11-17,688,706,97.4,-82.430337210676,111.857877085875,725.342225313949,7.498103531472,89.424466538139,127.210714525697,144.506157740118,0.401405993723,-0.991285428973,0.131731538763,0.928110217608,-0.372305551895,1,11893268847741623081,0.644735396134,-909.457587550204,231.785383196407,-7020.008678461136,-349.419732567097,871.058791304514,-7020.008678461136
FORWARD_SIM,2026-09-15T03:59:50Z,UNKNOWN-SIM-01 / SIM-94731,2024-11-17,688,706,97.4,-80.881002688086,88.869996140263,725.491650917823,7.497767909853,89.425086451326,127.208507553353,148.150910620181,0.411530307278,-0.987361312695,0.158485451048,0.999805521984,0.019721009379,1,9406917427434291727,0.509950015561,-901.349962855147,680.086408676712,-6992.202529495129,22.267711883628,1128.916926887551,-6992.202529495129
FORWARD_SIM,2026-09-15T04:00:50Z,UNKNOWN-SIM-01 / SIM-94731,2024-11-17,688,706,97.4,-78.381611711325,73.974589251044,725.444869597006,7.497465031464,89.425706364512,127.206300581009,151.795663500245,0.421654620834,-0.979510665972,0.201392291925,0.961139355898,0.276063649444,1,4047028149306438092,0.219389835579,-889.622025147196,1125.648769257306,-6936.236858315757,396.082795995727,1378.996344474377,-6936.236858315757
FORWARD_SIM,2026-09-15T04:01:50Z,UNKNOWN-SIM-01 / SIM-94731,2024-11-17,688,706,97.4,-75.412168696351,64.568618697232,725.20604965668,7.49719610943,89.426326277699,127.204093608665,155.440416380309,0.43177893439,-0.967762684109,0.251863826792,0.903100226583,0.429429832156,1,9914666932245520730,0.537475171371,-874.321360882444,1566.678687663017,-6852.340433859379,770.455038570071,1620.283612832899,-6852.340433859379
FORWARD_SIM,2026-09-15T04:02:50Z,UNKNOWN-SIM-01 / SIM-94731,2024-11-17,688,706,97.4,-72.205848659566,58.297771417614,724.782024157778,7.4969622205,89.426946190885,127.201886636321,159.085169260372,0.441903247945,-0.952160592659,0.305598111558,0.850790669982,0.525504743909,1,5950844376989610030,0.322595920083,-855.509843552638,2001.400982958158,-6740.854053572626,1143.803416157802,1851.814443238599,-6740.854053572626
FORWARD_SIM,2026-09-15T04:03:50Z,UNKNOWN-SIM-01 / SIM-94731,2024-11-17,688,706,97.4,-68.869478221232,53.843723053156,724.182173811868,7.496764300871,89.427566104072,127.199679663977,162.729922140436,0.452027561501,-0.932761630168,0.360493746528,0.807410774959,0.589989695232,1,14851905421203252075,0.805123406161,-833.263381469448,2428.066135431676,-6602.229137329014,1514.54308138665,2072.677561887484,-6602.229137329014
FORWARD_SIM,2026-09-15T04:04:50Z,UNKNOWN-SIM-01 / SIM-94731,2024-11-17,688,706,97.4,-65.455239055871,50.500876068189,723.418272430753,7.496603142559,89.428186017259,127.197472691633,166.3746750205,0.462151875057,-0.909637024147,0.415404001306,0.771634309108,0.636066421852,1,12192558324451285164,0.660959911176,-807.671610792593,2844.957244995977,-6437.025888052627,1881.092124807099,2282.018311653988,-6437.025888052627
FORWARD_SIM,2026-09-15T04:05:50Z,UNKNOWN-SIM-01 / SIM-94731,2024-11-17,688,706,97.4,-61.990770141111,47.875934920622,722.504297004441,7.496479390332,89.428805930445,127.195265719289,170.019427900563,0.472276188613,-0.882871953559,0.469613791982,0.741694186388,0.6707382007,1,2471193700136894878,0.133963678916,-778.837535053028,3250.396856746587,-6245.911026721067,2241.878359344908,2479.041962988233,-6245.911026721067
FORWARD_SIM,2026-09-15T04:06:50Z,UNKNOWN-SIM-01 / SIM-94731,2024-11-17,688,706,97.4,-58.491812343375,45.737307759375,721.456204962697,7.496393539217,89.429425843632,127.193058746945,173.664180780627,0.482400502168,-0.852565489785,0.522620402995,0.716147350339,0.69794911892,1,8350130168857952426,0.452661463481,-746.877112609229,3642.753627881382,-6029.655110918192,2595.34605610011,2663.016759967551,-6029.655110918192
FORWARD_SIM,2026-09-15T04:07:50Z,UNKNOWN-SIM-01 / SIM-94731,2024-11-17,688,706,97.4,-54.967893787066,43.941327743468,720.291681648091,7.496345932591,89.430045756818,127.190851774601,177.308933660691,0.492524815724,-0.818830506907,0.574035365598,0.69392138511,0.720050769938,1,14975988240223828850,0.811849949258,-711.918793655889,4020.448810806899,-5789.129447568401,2939.962709264455,2833.276597371579,-5789.129447568401
FORWARD_SIM,2026-09-15T04:08:50Z,UNKNOWN-SIM-01 / SIM-94731,2024-11-17,688,706,97.4,-51.425085870897,42.394699256366,719.029861486259,7.496336760847,89.430665670005,127.188644802257,180.953686540754,0.50264912928,-0.781793551357,0.623537362999,0.674234066185,0.73851772084,1,7964843834838462580,0.431775049462,-674.103008579854,4381.962527961237,-5525.302611905847,3274.225662421311,2989.223439988148,-5525.302611905847
FORWARD_SIM,2026-09-15T04:09:50Z,UNKNOWN-SIM-01 / SIM-94731,2024-11-17,688,706,97.4,-47.867433922989,41.034398487846,717.691026776609,7.496366060665,89.431285583191,127.186437829914,184.598439420818,0.512773442836,-0.74159466053,0.670848238779,0.656512013357,0.754315568126,1,14350734690680370758,0.77795488642,-633.581609627511,4725.839814657217,-5239.236586111587,3596.668671380985,3130.329388125806,-5239.236586111587
FORWARD_SIM,2026-09-15T04:10:50Z,UNKNOWN-SIM-01 / SIM-94731,2024-11-17,688,706,97.4,-44.297745209022,39.816374776609,716.2962884351,7.496433714868,89.431905496378,127.18423085757,188.243192300882,0.522897756391,-0.698387119857,0.715720218254,0.640329243982,0.768100552858,1,10445726467043474240,0.566263966438,-590.517268010875,5050.696407092918,-4932.082532387285,3905.868335107783,3256.138416781862,-4932.082532387285
FORWARD_SIM,2026-09-15T04:11:50Z,UNKNOWN-SIM-01 / SIM-94731,2024-11-17,688,706,97.4,-40.718045477211,38.708908888413,714.867253390386,7.496539452874,89.432525409565,127.182023885226,191.887945180945,0.533022069947,-0.652337148162,0.757928918256,0.62536399746,0.780333179277,1,15842514668388956681,0.858824441055,-545.082828736034,5355.224253588298,-4605.076216522871,4200.450374213733,3366.267777549927,-4605.076216522871
FORWARD_SIM,2026-09-15T04:12:50Z,UNKNOWN-SIM-01 / SIM-94731,2024-11-17,688,706,97.4,-37.129855038348,37.688550436066,713.425683655003,7.496682851743,89.433145322751,127.179816912882,195.532698061009,0.543146383503,-0.603623501872,0.79726950775,0.61136891573,0.7913457202,1,12442677791704503244,0.674518914665,-497.460625587141,5638.196728083709,-4259.533099255947,4479.09572974998,3460.409059969484,-4259.533099255947
FORWARD_SIM,2026-09-15T04:13:50Z,UNKNOWN-SIM-01 / SIM-94731,2024-11-17,688,706,97.4,-33.53436182329,36.737543733082,711.993152351852,7.496863337809,89.433765235938,127.177609940538,199.177450941073,0.553270697059,-0.552436989827,0.833554660637,0.598150391554,0.80138387124,1,1920704950108819304,0.104121623981,-447.841758841443,5898.473525977606,-3896.843113909705,4740.54645652098,3538.328909412927,-3896.843113909705
FORWARD_SIM,2026-09-15T04:14:50Z,UNKNOWN-SIM-01 / SIM-94731,2024-11-17,688,706,97.4,-29.932533116745,35.842144673572,710.590702161479,7.497080188899,89.434385149124,127.175402968194,202.822203821137,0.563395010614,-0.498979892015,0.866613562878,0.585554105479,0.810633326207,1,2780808234695197904,0.150747916466,-396.425338425733,6135.005223484608,-3518.465149931752,4983.61138491971,3599.869401134996,-3518.465149931752
FORWARD_SIM,2026-09-15T04:15:50Z,UNKNOWN-SIM-01 / SIM-94731,2024-11-17,688,706,97.4,-26.325189405603,34.991488512338,709.238511755354,7.497332537126,89.435005062311,127.17319599585,206.4669567012,0.57351932417,-0.443465277552,0.896291552792,0.573454742133,0.819237242028,1,17998883099129625324,0.975721407919,-343.417695351695,6346.837482859725,-3125.921263035731,5207.171526570956,3644.948070985723,-3125.921263035731
FORWARD_SIM,2026-09-15T04:16:50Z,UNKNOWN-SIM-01 / SIM-94731,2024-11-17,688,706,97.4,-22.713054031875,34.176807840422,707.955575783752,7.497619372251,89.435624975497,127.170989023506,210.111709581264,0.583643637726,-0.386116219544,0.922450142287,0.561748546515,0.827308026365,1,1829932375438022432,0.099200832848,-289.031564386646,6533.11488705812,-2720.790633668631,5410.185210749719,3673.557588781921,-2720.790633668631
FORWARD_SIM,2026-09-15T04:17:50Z,UNKNOWN-SIM-01 / SIM-94731,2024-11-17,688,706,97.4,-19.096786932103,33.390879715509,706.759403885317,7.497939545602,89.436244888684,127.168782051162,213.756462461328,0.593767951281,-0.327164907039,0.944967260598,0.550347842869,0.834935477656,1,10636517846610368550,0.576606787849,-233.485241026719,6693.084388681122,-2304.703296485855,5591.692863505752,3685.765173203943,-2304.703296485855
FORWARD_SIM,2026-09-15T04:18:50Z,UNKNOWN-SIM-01 / SIM-94731,2024-11-17,688,706,97.4,-15.47700764271,32.627622908076,705.665743972021,7.498291774531,89.43686480187,127.166575078818,217.401215341391,0.603892264837,-0.266851657054,0.963737616329,0.539176877688,0.842192551954,0.981430220668,5452495615937475557,0.295580379613,-177.001715941348,6826.098359395532,-1879.333664411337,5750.821569598907,3681.711516974749,-1879.333664411337
FORWARD_SIM,2026-09-15T04:19:50Z,UNKNOWN-SIM-01 / SIM-94731,2024-11-17,688,706,97.4,-11.854310919353,31.881799309483,704.68833471544,7.498674647402,89.437484715057,127.164368106474,221.045968221455,0.614016578393,-0.205423832499,0.978673106324,0.528168622041,0.849139509557,0.927129706413,14514329220533637023,0.786823363654,-119.807790150562,6931.617227403678,-1446.393871687337,5886.789181019856,3661.609541178277,-1446.393871687337
FORWARD_SIM,2026-09-15T04:20:50Z,UNKNOWN-SIM-01 / SIM-94731,2024-11-17,688,706,97.4,-8.229277211549,31.148784268797,703.838691718422,7.49908662909,89.438104628244,127.16216113413,224.690721101519,0.624140891949,-0.143134674621,0.989703220628,0.517262206827,0.855826973978,0.87992731769,3530218158538737307,0.191373509842,-62.133174279641,7009.211691983273,-1007.626961075381,5998.908113744134,3625.742753869321,-1007.626961075381
FORWARD_SIM,2026-09-15T04:21:50Z,UNKNOWN-SIM-01 / SIM-94731,2024-11-17,688,706,97.4,-4.602479553307,30.424384491222,703.125931305398,7.499526066972,89.43872454143,127.159954161786,228.335473981582,0.634265205504,-0.080242061224,0.996775406805,0.50640079518,0.862298228365,0.840329516967,1269852664370297516,0.068838850872,-4.209575308788,7058.564505607037,-564.799941052413,6086.588750384346,3574.463314126266,-564.799941052413
FORWARD_SIM,2026-09-15T04:22:50Z,UNKNOWN-SIM-01 / SIM-94731,2024-11-17,688,706,97.4,-0.974488008674,29.704687450352,702.556635213748,7.499991197385,89.439344454617,127.157747189442,231.980226861646,0.64438951906,-0.017007204291,0.999855367042,0.495529730771,0.868590977343,0.808701956319,6276472128426162410,0.340248235859,53.730225701781,7079.471815689385,-119.696739451147,6149.342442229363,3508.189797387099,-119.696739451147
FORWARD_SIM,2026-09-15T04:23:50Z,UNKNOWN-SIM-01 / SIM-94731,2024-11-17,688,706,97.4,2.654127447937,28.985930453791,702.134758731641,7.500480152538,89.439964367803,127.155540217098,235.62497974171,0.654513832616,0.046306697424,0.998927269512,0.484594834099,0.874738730573,0.78526437398,155620081790169504,0.008436181538,111.453301379136,7071.84405958865,325.888919482682,6186.784096011364,3427.404672761655,325.888919482682
FORWARD_SIM,2026-09-15T04:24:50Z,UNKNOWN-SIM-01 / SIM-94731,2024-11-17,688,706,97.4,6.28279488831,28.264379909694,701.861584021208,7.500990967845,89.44058428099,127.153333244754,239.269732621773,0.664638146172,0.109435833741,0.993993862302,0.473540735388,0.880771918222,0.770088001178,16536713691542676513,0.896457045507,168.727507724434,7035.706408114742,770.160687204749,6198.634331293005,3332.651505928196,770.160687204749
FORWARD_SIM,2026-09-15T04:25:50Z,UNKNOWN-SIM-01 / SIM-94731,2024-11-17,688,706,97.4,9.9109385705,27.536212531335,701.735719510745,7.501521589657,89.441204194176,127.15112627241,242.914485501837,0.674762459727,0.172117168377,0.985076484518,0.462309136569,0.886718818028,0.763095528375,15292756647518547125,0.829021999027,225.322412117548,6971.198754450525,1211.326784396794,6184.721196632231,3224.531901436704,1211.326784396794
FORWARD_SIM,2026-09-15T04:26:50Z,UNKNOWN-SIM-01 / SIM-94731,2024-11-17,688,706,97.4,13.537976622123,26.797390439937,701.753145358097,7.502069883364,89.441824107363,127.148919300066,246.559238381901,0.684886773283,0.234089815935,0.972214975237,0.45083688703,0.892606352931,0.764063631005,1441605491719199390,0.078149590299,281.010216021083,6878.575247086294,1647.607187882639,6144.981434399132,3103.702199346206,1647.607187882639
FORWARD_SIM,2026-09-15T04:27:50Z,UNKNOWN-SIM-01 / SIM-94731,2024-11-17,688,706,97.4,17.16331758072,26.043521422178,701.907304103512,7.502633641836,89.44244402055,127.146712327722,250.203991261965,0.695011086839,0.295096392577,0.955467487196,0.439053737126,0.898460803773,0.772628005751,4776298399241935763,0.258923655045,335.566668761288,6758.203367086281,2077.240782754981,6079.46128540208,2970.869943194617,2077.240782754981
FORWARD_SIM,2026-09-15T04:28:50Z,UNKNOWN-SIM-01 / SIM-94731,2024-11-17,688,706,97.4,20.786354991414,25.26969363703,702.189234768141,7.503210594179,89.443063933736,127.144505355378,253.848744142028,0.705135400395,0.3548843233,0.934910218725,0.426879592942,0.904308472331,0.788290820452,15435403865387579282,0.836754920202,388.771968772186,6610.562551748913,2498.49245147092,5988.316835577818,2826.790117964787,2498.49245147092
FORWARD_SIM,2026-09-15T04:29:50Z,UNKNOWN-SIM-01 / SIM-94731,2024-11-17,688,706,97.4,24.406459058388,24.470272089498,702.587747836914,7.503798414764,89.443683846923,127.142298383035,257.493497022092,0.71525971395,0.41320709024,0.910637084999,0.414221053528,0.910176311939,0.810430435384,10794345169595318875,0.585162624172,440.411648711594,6436.242368483747,2909.660071715055,5871.81384948474,2672.261282731413,2909.660071715055
FORWARD_SIM,2026-09-15T04:30:50Z,UNKNOWN-SIM-01 / SIM-94731,2024-11-17,688,706,97.4,28.022964010854,23.638635470465,703.089637812743,7.504394732497,89.444303760109,127.140091410691,261.138249902156,0.725384027506,0.469825408344,0.882759358871,0.400966859694,0.916092559421,0.838313211819,1673936611752402956,0.090744285553,490.277440893746,6235.940244500847,3309.081394977194,5730.327214722116,2508.121351579641,3309.081394977194
FORWARD_SIM,2026-09-15T04:31:50Z,UNKNOWN-SIM-01 / SIM-94731,2024-11-17,688,706,97.4,31.635149302489,22.766829581196,703.679929361032,7.504997140303,89.444923673296,127.137884438347,264.783002782219,0.735508341062,0.524508317161,0.851405323703,0.386981824521,0.922087342658,0.871107186724,1670321159114516722,0.090548291473,538.168119533299,6010.458759687636,3695.14077804796,5564.339826440674,2335.243396880508,3695.14077804796
FORWARD_SIM,2026-09-15T04:32:50Z,UNKNOWN-SIM-01 / SIM-94731,2024-11-17,688,706,97.4,35.242211887652,21.845094473854,704.342152493515,7.505603204778,89.445543586482,127.135677466003,268.427755662283,0.745632654617,0.577034180087,0.816719997926,0.372098482479,0.928193255382,0.907897360751,11775692125370249425,0.638361549242,583.890316359958,5760.702511826194,4066.275740004189,5374.441041815086,2154.531229607297,4066.275740004189
FORWARD_SIM,2026-09-15T04:33:50Z,UNKNOWN-SIM-01 / SIM-94731,2024-11-17,688,706,97.4,38.843225382329,20.861204528001,705.05864177894,7.506210475974,89.446163499669,127.133470493659,272.072508542347,0.755756968173,0.627191585223,0.778865017461,0.356105359593,0.934445810558,0.947702321052,7570068524276475539,0.410374236994,627.259306241946,5487.674565073656,4420.983317738792,5161.324656498638,1966.914883680199,4420.983317738792
FORWARD_SIM,2026-09-15T04:34:50Z,UNKNOWN-SIM-01 / SIM-94731,2024-11-17,688,706,97.4,42.43707951479,19.79952403704,705.810854220957,7.506816497281,89.446783412855,127.131263521315,275.71726142241,0.765881281729,0.674780144822,0.738018804742,0.338730104223,0.940883582859,0.989491901164,2440001374365059926,0.132272739548,668.099759550142,5192.472494382404,4757.826193686971,4925.786417070197,1773.346008830632,4757.826193686971
FORWARD_SIM,2026-09-15T04:35:50Z,UNKNOWN-SIM-01 / SIM-94731,2024-11-17,688,706,97.4,46.02238914026,18.639620713524,706.5797002127,7.507418815364,89.447403326042,127.129056548971,279.362014302474,0.776005595285,0.719611193044,0.694377225178,0.319614626121,0.947547619262,1,11890019876378999902,0.644559269043,706.246458103135,4876.284040266391,5075.438570115688,4668.721077316783,1574.79319377433,5075.438570115688
FORWARD_SIM,2026-09-15T04:36:50Z,UNKNOWN-SIM-01 / SIM-94731,2024-11-17,688,706,97.4,49.597354767936,17.354173842294,707.345881860895,7.508014990115,89.448023239229,127.126849576627,283.006767182538,0.78612990884,0.76150838432,0.64815505908,0.298277478731,0.954479201283,1,13863271039871750395,0.751529428959,741.544971656552,4540.382390017395,5372.531765174504,4391.119008248412,1372.237241867699,5372.531765174504
FORWARD_SIM,2026-09-15T04:37:50Z,UNKNOWN-SIM-01 / SIM-94731,2024-11-17,688,706,97.4,53.159543077508,15.90572229591,708.090232964581,7.508602604582,89.448643152415,127.124642604283,286.651520062601,0.796254222396,0.800308196909,0.599588850764,0.274055269224,0.96171394365,1,3334861147559391662,0.180783185056,773.852292037714,4186.12110313121,5647.899506854452,4094.062373585937,1166.666422402037,5647.899506854452
FORWARD_SIM,2026-09-15T04:38:50Z,UNKNOWN-SIM-01 / SIM-94731,2024-11-17,688,706,97.4,56.705530084957,14.241437166295,708.794055026471,7.509179274827,89.449263065602,127.122435631939,290.296272942665,0.806378535952,0.835860348164,0.548942144827,0.246008439069,0.969267686404,1,1563707514203933317,0.084768754202,803.037422178878,3814.928700309618,5900.422902066105,3778.720885013087,959.071719441064,5900.422902066105
FORWARD_SIM,2026-09-15T04:39:50Z,UNKNOWN-SIM-01 / SIM-94731,2024-11-17,688,706,97.4,60.230297747044,12.284396560904,709.439443858919,7.509742659684,89.449882978788,127.120228659595,293.941025822729,0.816502849508,0.868028129598,0.49651502115,0.212764298202,0.977103553064,1,11538151466189836252,0.625484444305,828.981917468565,3428.302936950952,6129.075059226596,3446.347155249161,750.442091371744,6129.075059226596
FORWARD_SIM,2026-09-15T04:40:50Z,UNKNOWN-SIM-01 / SIM-94731,2024-11-17,688,706,97.4,63.726164839793,9.918391280383,710.009601609708,7.510290470362,89.450502891975,127.118021687251,297.585778702792,0.826627163063,0.896688670943,0.442661752813,0.17224530008,0.98505408816,1,14087380637316046154,0.76367843458,851.580377020481,3027.80478352005,6332.925344036092,3098.271653260831,541.759825230367,6332.925344036092
FORWARD_SIM,2026-09-15T04:41:50Z,UNKNOWN-SIM-01 / SIM-94731,2024-11-17,688,706,97.4,67.180785371653,6.96017636024,710.489129364243,7.510820479862,89.451122805161,127.115814714907,301.230531582856,0.836751476619,0.921733143095,0.387824719326,0.121179441214,0.992630617615,1,15920463777323940788,0.863050070718,870.740882652752,2615.052136589043,6511.14324952326,2735.897317718864,333.99585132235,6511.14324952326
FORWARD_SIM,2026-09-15T04:42:50Z,UNKNOWN-SIM-01 / SIM-94731,2024-11-17,688,706,97.4,70.573152298701,3.106162352641,710.864295868132,7.511330532162,89.451742718348,127.113607742563,304.87528446292,0.846875790175,0.943066910079,0.332603071414,0.054186208629,0.998530848194,1,4441959024453329126,0.24079908122,886.385383575964,2191.713285653878,6663.001862942738,2360.693800331638,128.105252837637,6663.001862942738
FORWARD_SIM,2026-09-15T04:43:50Z,UNKNOWN-SIM-01 / SIM-94731,2024-11-17,688,706,97.4,73.865013809641,-2.174972375858,711.123278347169,7.511818551134,89.452362631535,127.111400770219,308.520037342983,0.857000103731,0.960609640007,0.277901276582,-0.037951312963,0.999279589427,1,7887349284760562093,0.427574061484,898.450025006117,1759.500162049533,6787.880913710292,1974.191401979812,-74.977170090702,6787.880913710292
FORWARD_SIM,2026-09-15T04:44:50Z,UNKNOWN-SIM-01 / SIM-94731,2024-11-17,688,706,97.4,76.980992331857,-9.862663538731,711.256371870334,7.512282549147,89.452982544721,127.109193797875,312.164790223047,0.867124417286,0.974295384468,0.225274285713,-0.171287123062,0.985221153586,1,2196259011361907598,0.119059439573,906.88541914732,1320.161397399676,6885.26938825762,1577.974710653689,-274.341194835342,6885.26938825762
FORWARD_SIM,2026-09-15T04:45:50Z,UNKNOWN-SIM-01 / SIM-94731,2024-11-17,688,706,97.4,79.7602885346,-21.786044324417,711.256164197308,7.51272063533,89.453602457908,127.106986825531,315.809543103111,0.877248730842,0.984072634891,0.177766839595,-0.371141670933,0.928576254325,1,6645525512368933160,0.360254659891,911.656857227669,875.475220037346,6954.767699471207,1173.675970997228,-469.105320086421,6954.767699471207
FORWARD_SIM,2026-09-15T04:46:50Z,UNKNOWN-SIM-01 / SIM-94731,2024-11-17,688,706,97.4,81.851633771902,-40.793296647677,711.117673568364,7.513131023444,89.454222371094,127.104779853187,319.454295983175,0.887373044398,0.989904363226,0.141736910034,-0.653332034451,0.757071497786,1,4515133871447689556,0.244765897624,912.744461519524,427.242218712654,6996.089400241435,762.968213858941,-658.420739440956,6996.089400241435
FORWARD_SIM,2026-09-15T04:47:50Z,UNKNOWN-SIM-01 / SIM-94731,2024-11-17,688,706,97.4,82.643228103352,-67.557690862243,710.838447425876,7.513512039337,89.454842284281,127.102572880843,323.099048863238,0.897497357953,0.991768052896,0.128047371139,-0.924264386338,0.381752988394,1,9767240997713989068,0.529483195446,910.143276530951,-22.721996344794,7009.062432580132,347.558175677072,-841.475125866721,7009.062432580132
FORWARD_SIM,2026-09-15T04:48:50Z,UNKNOWN-SIM-01 / SIM-94731,2024-11-17,688,706,97.4,81.751732103446,-93.981546483383,710.418620599095,7.513862127943,89.455462197467,127.100365908499,326.743801743302,0.907621671509,0.98965572428,0.143462703865,-0.99758646531,-0.069435180066,1,7205180626979276420,0.390593624446,903.863298817249,-472.594204323888,6993.629905758306,-70.820961369682,-1017.496209496626,6993.629905758306
FORWARD_SIM,2026-09-15T04:49:50Z,UNKNOWN-SIM-01 / SIM-94731,2024-11-17,688,706,97.4,79.600789221708,-112.469519055452,709.860932034362,7.514179859797,89.456082110654,127.098158936156,330.388554623366,0.917745985065,0.983573957284,0.180505597011,-0.924082986612,-0.382191880938,1,9260248629426879916,0.501999084089,893.92944512897,-920.551025529312,6949.850398960467,-490.416976344593,-1185.755131882078,6949.850398960467
FORWARD_SIM,2026-09-15T04:50:50Z,UNKNOWN-SIM-01 / SIM-94731,2024-11-17,688,706,97.4,76.79122317741,-124.05463411898,709.170699710082,7.514463937035,89.45670202384,127.095951963812,334.033307503429,0.927870298621,0.973543911648,0.228500004582,-0.828503979993,-0.559983173976,1,1014831040142230171,0.055014100921,880.381458884156,-1364.776382385899,6877.897786037795,-909.466134646554,-1345.56955858714,6877.897786037795
FORWARD_SIM,2026-09-15T04:51:50Z,UNKNOWN-SIM-01 / SIM-94731,2024-11-17,688,706,97.4,73.658417264356,-131.551091846211,708.355753937143,7.514713198847,89.457321937027,127.093744991468,337.678060383493,0.937994612176,0.959601343769,0.281363219056,-0.748364550925,-0.663287644178,1,3316685756449643075,0.17979789513,863.27375522627,-1803.468938076775,6778.060582057768,-1326.200774306797,-1496.306550576548,6778.060582057768
FORWARD_SIM,2026-09-15T04:52:50Z,UNKNOWN-SIM-01 / SIM-94731,2024-11-17,688,706,97.4,70.355497266685,-136.721487294237,707.426329810677,7.514926626362,89.457941850214,127.091538019124,341.322813263557,0.948118925732,0.941796616963,0.336183182621,-0.685545372432,-0.728029904837,1,17836040772780079834,0.966893707719,842.675205203955,-2234.849481113931,6650.740813481541,-1738.856976000356,-1637.385147641089,6650.740813481541
FORWARD_SIM,2026-09-15T04:53:50Z,UNKNOWN-SIM-01 / SIM-94731,2024-11-17,688,706,97.4,66.954562398292,-140.507715408932,706.39492014567,7.515103346943,89.4585617634,127.08933104678,344.96756614362,0.958243239288,0.920194700274,0.391460998807,-0.635974308093,-0.771710230232,1,17767685826957878985,0.963188178681,818.668859882761,-2657.168224266318,6496.452415940343,-2145.682207837746,-1768.278693294949,6496.452415940343
FORWARD_SIM,2026-09-15T04:54:50Z,UNKNOWN-SIM-01 / SIM-94731,2024-11-17,688,706,97.4,63.492397625969,-143.422128571682,705.276090794865,7.515242637869,89.459181676587,127.087124074436,348.612319023684,0.968367552844,0.894875149317,0.446316554852,-0.595914769203,-0.803047687155,0.959782821937,8566274374679519807,0.464378664357,791.351615470717,-3068.711986554196,6315.819165716065,-2544.942964467463,-1888.516863397591,6315.819165716065
FORWARD_SIM,2026-09-15T04:55:50Z,UNKNOWN-SIM-01 / SIM-94731,2024-11-17,688,706,97.4,59.989305451853,-145.758496167072,704.086260809292,7.515343929382,89.459801589773,127.084917102092,352.257071903748,0.978491866399,0.86593206116,0.500161639328,-0.562682349747,-0.826673196181,0.893681156072,13669590423271967515,0.741029981695,760.833820807598,-3467.811227457082,6109.572153146999,-2934.932344167372,-1997.687399800654,6109.572153146999
FORWARD_SIM,2026-09-15T04:56:50Z,UNKNOWN-SIM-01 / SIM-94731,2024-11-17,688,706,97.4,56.457272798352,-147.694714534255,702.843450453955,7.5154068071,89.46042150296,127.082710129748,355.901824783811,0.988616179955,0.833473994077,0.55255868575,-0.534430321489,-0.845212536273,0.824636136331,18130712828874792943,0.982867911889,727.23882883024,-3852.846903077049,5878.54680826455,-3313.977532628336,-2095.437540453877,5878.54680826455
FORWARD_SIM,2026-09-15T04:57:50Z,UNKNOWN-SIM-01 / SIM-94731,2024-11-17,688,706,97.4,52.903791329006,-149.343923900438,701.567000628503,7.515431013765,89.461041416146,127.080503157404,359.546577663875,0.998740493511,0.79762384206,0.60315520936,-0.509883590857,-0.860243409609,0.753722257139,11307777065569193738,0.612995823024,690.702493881868,-4222.257114745809,5623.679491008789,-3680.447158646544,-2181.475140927997,5623.679491008789
FORWARD_SIM,2026-09-15T04:58:50Z,UNKNOWN-SIM-01 / SIM-94731,2024-11-17,688,706,97.4,49.33377911698,-150.781199141457,700.277267755325,7.515416450334,89.461661329333,127.07829618506,3.191330543939,0.008864807066,0.758518653475,0.651651327268,-0.488146070799,-0.872761945529,0.682070430851,6549372166333726273,0.355042176558,651.372616980413,-4574.54352145999,5346.003660357344,-4032.758487998648,-2255.569483159039,5346.003660357344
FORWARD_SIM,2026-09-15T04:59:50Z,UNKNOWN-SIM-01 / SIM-94731,2024-11-17,688,706,97.4,45.750610875289,-152.058211091746,698.995298676872,7.515363176394,89.46228124252,127.076089212716,6.836083424003,0.018989120622,0.716309383076,0.697782822745,-0.468574267777,-0.883424108556,0.610849926493,15832004404676207550,0.858254678518,609.408341397938,-4908.277488569634,5046.645638621915,-4369.384421905184,-2317.55176964337,5046.645638621915
FORWARD_SIM,2026-09-15T05:00:50Z,UNKNOWN-SIM-01 / SIM-94731,2024-11-17,688,706,97.4,42.156701220488,-153.211668628273,697.742490537509,7.515271409913,89.462901155706,127.073882240372,10.480836304066,0.029113434178,0.671160566895,0.741312008162,-0.450695750899,-0.89267762385,0.541249474306,3498213081039377455,0.189638511114,564.979501128961,-5222.105946324587,4726.819989007901,-4688.860267656895,-2367.315302557528,4726.819989007901
FORWARD_SIM,2026-09-15T05:01:50Z,UNKNOWN-SIM-01 / SIM-94731,2024-11-17,688,706,97.4,38.553850494239,-154.268389237548,696.540241000831,7.51514152632,89.463521068893,127.071675268028,14.12558918413,0.039237747734,0.623249910278,0.782022729426,-0.434156153463,-0.900837629326,0.474457833379,11318892711391214726,0.613598403391,518.26592503846,-5514.756933195445,4387.824526284628,-4989.790257093196,-2404.815334178703,4387.824526284628
FORWARD_SIM,2026-09-15T05:02:50Z,UNKNOWN-SIM-01 / SIM-94731,2024-11-17,688,706,97.4,34.943457909042,-155.248459630955,695.409594457149,7.514974056911,89.464140982079,127.069468295684,17.770342064194,0.049362061289,0.572767780555,0.819717676739,-0.418684152372,-0.908131918034,0.411644136508,16655978144897200145,0.902922384478,469.456699679335,-5785.044800322476,4031.034982065948,-5270.853740119425,-2430.068679046128,4031.034982065948
FORWARD_SIM,2026-09-15T05:03:50Z,UNKNOWN-SIM-01 / SIM-94731,2024-11-17,688,706,97.4,31.326657190836,-156.167274280066,694.370890094267,7.514769686609,89.464760895266,127.06726132334,21.415094944257,0.059486374845,0.51991659752,0.854217028408,-0.404067829442,-0.914729025018,0.35393833857,5155856642750026508,0.279499548655,418.749393952965,-6031.875054998805,3657.899347744289,-5530.811130165001,-2443.152876202338,3657.899347744289
FORWARD_SIM,2026-09-15T05:04:50Z,UNKNOWN-SIM-01 / SIM-94731,2024-11-17,688,706,97.4,27.704405130464,-157.036887674864,693.443417824475,7.514529251072,89.465380808452,127.065054350996,25.059847824321,0.069610688401,0.464910116981,0.885357884208,-0.390138416053,-0.920756219811,0.30241210136,610175752324930598,0.033077693813,366.349248954318,-6254.248822753834,3269.931919546691,-5768.50943367078,-2444.205192445662,3269.931919546691
FORWARD_SIM,2026-09-15T05:05:50Z,UNKNOWN-SIM-01 / SIM-94731,2024-11-17,688,706,97.4,24.077540501454,-157.866937611496,692.645088070371,7.514253733164,89.466000721639,127.062847378652,28.704600704385,0.079735001957,0.407972605143,0.912994169452,-0.376758851537,-0.92631137734,0.258060448354,10350954224893696778,0.561126352896,312.468336493653,-6451.266909359365,2868.707071481254,-5982.887442830953,-2433.421263061937,2868.707071481254
FORWARD_SIM,2026-09-15T05:06:50Z,UNKNOWN-SIM-01 / SIM-94731,2024-11-17,688,706,97.4,20.446823740296,-158.66529131814,691.992121302081,7.513944258813,89.466620634825,127.060640406308,32.349353584448,0.089859315512,0.349337904332,0.936996813547,-0.363815564423,-0.931471006035,0.221784516782,3189824469660287861,0.172920730993,257.324689919823,-6622.133445923322,2455.852783109901,-6172.980525904864,-2411.053462380693,2455.852783109901
FORWARD_SIM,2026-09-15T05:07:50Z,UNKNOWN-SIM-01 / SIM-94731,2024-11-17,688,706,97.4,16.812963796431,-159.438509076135,691.498762982266,7.51360209227,89.467240548012,127.058433433964,35.994106464512,0.099983629068,0.289248393545,0.957254076425,-0.351212433849,-0.936295800647,0.194375721237,10648271073251239434,0.577243931542,201.141410984486,-6766.159102153217,2033.043950112556,-6337.924999683564,-2377.409001675931,2033.043950112556
FORWARD_SIM,2026-09-15T05:08:50Z,UNKNOWN-SIM-01 / SIM-94731,2024-11-17,688,706,97.4,13.176636235121,-160.192185477628,691.177029210964,7.513228630798,89.467860461199,127.05622646162,39.638859344576,0.110107942624,0.227953850367,0.973671937617,-0.338866243018,-0.940834560028,0.176501622831,16609061417287565622,0.900379023578,144.14575658204,-6882.763854851896,1601.995506494161,-6476.962064453865,-2332.847765376446,1601.995506494161
FORWARD_SIM,2026-09-15T05:09:50Z,UNKNOWN-SIM-01 / SIM-94731,2024-11-17,688,706,97.4,9.538495286813,-160.931207668474,691.036487871043,7.512825398801,89.468480374385,127.054019489277,43.283612224639,0.12023225618,0.165710223774,0.986174488484,-0.326703158937,-0.9451269999,0.168693770614,12888824148204026730,0.698704557113,86.568209276107,-6971.479300739703,1164.455388025477,-6589.441283211781,-2277.779899508222,1164.455388025477
FORWARD_SIM,2026-09-15T05:10:50Z,UNKNOWN-SIM-01 / SIM-94731,2024-11-17,688,706,97.4,5.89918168859,-161.659957110714,691.08407946435,7.512394041436,89.469100287572,127.051812516933,46.928365104703,0.130356569735,0.102778330204,0.994704285122,-0.314655913956,-0.949205802665,0.171337748019,13640291143810163473,0.739441664573,28.641535580002,-7031.950504767876,722.197367099043,-6674.823589461995,-2212.663166554563,722.197367099043
FORWARD_SIM,2026-09-15T05:11:50Z,UNKNOWN-SIM-01 / SIM-94731,2024-11-17,688,706,97.4,2.259327639028,-162.382473378229,691.323981109572,7.511936317736,89.469720200758,127.049605544589,50.573117984767,0.140480883291,0.039422487739,0.999222631579,-0.302661455009,-0.953098129078,0.184665617198,13262489463220966997,0.71896099443,-29.400164004495,-7063.937377185658,277.013789621261,-6732.683810181347,-2138.000081984579,277.013789621261
FORWARD_SIM,2026-09-15T05:12:50Z,UNKNOWN-SIM-01 / SIM-94731,2024-11-17,688,706,97.4,-1.3804401365,-163.102593472539,691.757516362015,7.511454093257,89.470340113945,127.047398572245,54.21787086483,0.150605196847,-0.024090894623,0.999709772282,-0.290658883483,-0.956826741606,0.208750909001,1325678908836219432,0.071865197649,-87.322409168362,-7067.315574735939,-169.291755149598,-6762.71269247128,-2054.334849808079,-169.291755149598
FORWARD_SIM,2026-09-15T05:13:50Z,UNKNOWN-SIM-01 / SIM-94731,2024-11-17,688,706,97.4,-5.019498408455,-163.824077277273,692.383112633132,7.510949332313,89.470960027131,127.045191599901,57.862623744894,0.160729510402,-0.087494754133,0.996164980312,-0.27858753935,-0.960410840692,0.243506257396,886677815436836424,0.04806690069,-144.891294176811,-7042.076923469596,-614.91180077174,-6764.71843116838,-1962.250093693985,-614.91180077174
FORWARD_SIM,2026-09-15T05:14:50Z,UNKNOWN-SIM-01 / SIM-94731,2024-11-17,688,706,97.4,-8.657225859126,-164.550726896466,693.19630705761,7.510424089804,89.471579940318,127.042984627557,61.507376624958,0.170853823958,-0.150522818455,0.98860653504,-0.266385119918,-0.963866675369,0.288683725423,763254865395840418,0.041376129161,-201.874438452282,-6988.329362775101,-1058.042374756717,-6738.627655823807,-1862.363521896735,-1058.042374756717
FORWARD_SIM,2026-09-15T05:15:50Z,UNKNOWN-SIM-01 / SIM-94731,2024-11-17,688,706,97.4,-12.293001237199,-165.286510543111,694.189800704016,7.509880502697,89.472199853505,127.040777655213,65.152129505022,0.180978137514,-0.212911037148,0.977071589117,-0.253985666656,-0.967207982356,0.34387781689,3041514823849620152,0.164880848983,-258.041929399815,-6906.296412306213,-1496.89034379402,-6684.485960860849,-1755.324246689561,-1496.89034379402
FORWARD_SIM,2026-09-15T05:16:50Z,UNKNOWN-SIM-01 / SIM-94731,2024-11-17,688,706,97.4,-15.926200576242,-166.035696093373,695.353560078274,7.509320781179,89.472819766691,127.038570682869,68.796882385085,0.19110245107,-0.274398981179,0.961615931195,-0.241317340518,-0.970446258772,0.40853111546,15641279586897044615,0.847915465428,-313.167253573187,-6796.316165545859,-1929.680702480626,-6602.457859289878,-1641.809174987111,-1929.680702480626
FORWARD_SIM,2026-09-15T05:17:50Z,UNKNOWN-SIM-01 / SIM-94731,2024-11-17,688,706,97.4,-19.55619271876,-166.803006638974,696.674963954693,7.508747199538,89.473439679878,127.036363710525,72.441635265149,0.201226764625,-0.334731192264,0.942313657401,-0.228299780514,-0.973590884416,0.481942441927,5386118764958294407,0.291982083312,-367.028212355084,-6658.83981575823,-2354.663775409702,-6492.826249593117,-1522.519193043637,-2354.663775409702
FORWARD_SIM,2026-09-15T05:18:50Z,UNKNOWN-SIM-01 / SIM-94731,2024-11-17,688,706,97.4,-23.182332223232,-167.59380945425,698.138992711549,7.508162086801,89.474059593064,127.034156738181,76.086388145213,0.211351078181,-0.393658465488,0.919256771827,-0.214840850866,-0.976649071468,0.563277372864,16931145141342687739,0.917839217246,-419.407818416092,-6494.429722043971,-2770.122303041815,-6355.991363178599,-1398.175283687893,-2770.122303041815
FORWARD_SIM,2026-09-15T05:19:50Z,UNKNOWN-SIM-01 / SIM-94731,2024-11-17,688,706,97.4,-26.803948452785,-168.414355302486,699.728456570275,7.507567817169,89.474679506251,127.031949765837,79.731141025276,0.221475391737,-0.450939050833,0.892554744783,-0.20083248491,-0.979625598382,0.651580920571,17876054892468813929,0.969062877494,-470.09516932438,-6303.757025116213,-3174.378382477807,-6192.469203542787,-1269.514577741546,-3174.378382477807
FORWARD_SIM,2026-09-15T05:20:50Z,UNKNOWN-SIM-01 / SIM-94731,2024-11-17,688,706,97.4,-30.42032919065,-169.272091825001,701.424258457369,7.506966800299,89.475299419437,127.029742793493,83.37589390534,0.231599705293,-0.506339761868,0.862334068416,-0.186145213758,-0.982522243715,0.745792136521,4720081316606893657,0.255876120889,-518.886294799994,-6087.598824249595,-3565.800235068628,-6002.889484819516,-1137.286360148406,-3565.800235068628
FORWARD_SIM,2026-09-15T05:21:50Z,UNKNOWN-SIM-01 / SIM-94731,2024-11-17,688,706,97.4,-34.030696394443,-170.176085888525,703.205686641004,7.506361471462,89.475919332624,127.027535821149,87.020646785404,0.241724018848,-0.559636982689,0.828737864229,-0.17062077386,-0.985336770616,0.844760368945,10278405132069637948,0.557193458694,-565.584974243372,-5846.834928613026,-3942.808773726541,-5787.993079555825,-1002.248051408957,-3942.808773726541
FORWARD_SIM,2026-09-15T05:22:50Z,UNKNOWN-SIM-01 / SIM-94731,2024-11-17,688,706,97.4,-37.634170505276,-171.13760769822,705.050731848978,7.505754281633,89.47653924581,127.025328848805,90.665399665467,0.251848332404,-0.610617567262,0.79192561933,-0.154061877742,-0.988061201458,0.947262880499,9230924665735562277,0.500409428832,-610.003521316331,-5582.444197872772,-4303.883943836901,-5548.628987501863,-865.161185812069,-4303.883943836901
FORWARD_SIM,2026-09-15T05:23:50Z,UNKNOWN-SIM-01 / SIM-94731,2024-11-17,688,706,97.4,-41.229717740835,-172.170958963181,706.936423256156,7.505147687537,89.477159158997,127.023121876461,94.310152545531,0.26197264596,-0.659079628365,0.752073163644,-0.136217727125,-0.990678924181,1,428063541407226025,0.023205371078,-651.963532513998,-5295.500488539908,-4647.570812801981,-5285.750839595596,-726.787406033558,-4647.570812801981
FORWARD_SIM,2026-09-15T05:24:50Z,UNKNOWN-SIM-01 / SIM-94731,2024-11-17,688,706,97.4,-44.816071420268,-173.294677127661,708.839177537318,7.504544141706,89.477779072184,127.020914904117,97.954905425595,0.272096959516,-0.704833216264,0.709373059293,-0.116763003786,-0.993159806349,1,13168949102624170931,0.713890161321,-691.296596837158,-4987.168224029635,-4972.485384470858,-5000.412954668723,-587.88448044727,-4972.485384470858
FORWARD_SIM,2026-09-15T05:25:50Z,UNKNOWN-SIM-01 / SIM-94731,2024-11-17,688,706,97.4,-48.391612443636,-174.533332345011,710.735155111202,7.503946082578,89.47839898537,127.018707931773,101.599658305658,0.282221273071,-0.747700890013,0.664035676055,-0.09526665547,-0.995451789066,1,2474675079908907979,0.134152404892,-727.844963854904,-4658.697607795752,-5277.320116012635,-4693.76595599832,-449.202451687403,-5277.320116012635
FORWARD_SIM,2026-09-15T05:26:50Z,UNKNOWN-SIM-01 / SIM-94731,2024-11-17,688,706,97.4,-51.954183305536,-175.920290902089,712.600617745376,7.503355924688,89.479018898557,127.016500959429,105.244411185722,0.292345586627,-0.78751818668,0.616291412928,-0.071144203136,-0.997466040705,1,7490255546170926484,0.406047566782,-761.462167636398,-4311.419500197655,-5560.849116167244,-4367.051995220636,-311.479711162031,-5560.849116167244
FORWARD_SIM,2026-09-15T05:27:50Z,UNKNOWN-SIM-01 / SIM-94731,2024-11-17,688,706,97.4,-55.500789763368,-177.50209755281,714.412281838502,7.502776048974,89.479638811743,127.014293987085,108.889164065786,0.302469900183,-0.824133995871,0.566394877139,-0.043582812977,-0.999049817783,1,6708054662740319289,0.363644371925,-792.013604226856,-3946.739980947071,-5821.933005249661,-4021.599566230204,-175.439321087198,-5821.933005249661
FORWARD_SIM,2026-09-15T05:28:50Z,UNKNOWN-SIM-01 / SIM-94731,2024-11-17,688,706,97.4,-59.027104323464,-179.345684467557,716.14766193399,7.502208793255,89.48025872493,127.012087014741,112.533916945849,0.312594213738,-0.857410848532,0.514632526002,-0.011419712166,-0.999934792961,1,11278747366979931837,0.61142211991,-819.377060545344,-3566.134620065515,-6059.523418781597,-3658.817961911539,-41.785372694665,-6059.523418781597
FORWARD_SIM,2026-09-15T05:29:50Z,UNKNOWN-SIM-01 / SIM-94731,2024-11-17,688,706,97.4,-62.526602772911,178.449281946742,717.785399332749,7.501656442896,89.480878638116,127.009880042398,116.178669825913,0.322718527294,-0.887225130201,0.461336719046,0.027061831621,-0.999633761569,1,17372647884245296074,0.941773128896,-843.443192789794,-3171.142481259364,-6272.667138171574,-3280.191385497423,88.800509118659,-6272.667138171574
FORWARD_SIM,2026-09-15T05:30:50Z,UNKNOWN-SIM-01 / SIM-94731,2024-11-17,688,706,97.4,-65.988982624842,175.728270388254,719.305571049269,7.501121221721,89.481498551303,127.007673070054,119.823422705977,0.33284284085,-0.91346722958,0.406912300728,0.074486695251,-0.997222007494,1,5169719830066705295,0.280251073545,-864.115952646604,-2763.359882487541,-6460.509833451857,-2887.272744282611,215.662513855943,-6460.509833451857
FORWARD_SIM,2026-09-15T05:31:50Z,UNKNOWN-SIM-01 / SIM-94731,2024-11-17,688,706,97.4,-69.397084913876,172.240198880479,720.689974780274,7.500605283185,89.48211846449,127.00546609771,123.468175586041,0.342967154406,-0.936041633581,0.351889272647,0.13502042761,-0.990842815046,1,5489683278197427760,0.297596326824,-881.312959817407,-2344.433939256344,-6622.299404701394,-2481.677152443247,338.173830626075,-6622.299404701394
